,metrics,CC_RF,CC_DT,CC_KNN,CC_SVM
0,jaccard,0.43637820512820513,0.3935096153846154,0.3715544871794872,0.43838141025641025
1,precision,0.6118779260274861,0.5255083563335837,0.48246212529287175,0.3914401570651571
2,recall,0.5328282828282829,0.5606060606060606,0.49747474747474746,0.5303030303030303
3,f1,0.5334590917425436,0.5399859074387499,0.4834375501042167,0.44209247858584183
