,metrics,CC_RF,CC_DT,CC_KNN,CC_SVM,CC_topRF,CC_topDT,CC_topKNN,CC_topSVM
0,train_jacc,0.8379061371841154,0.8514039310068191,0.5893902928198957,0.4942238267148014,0.9062976333734455,0.8914961893301243,0.5648014440433212,0.49663056558363416
1,test_jacc,0.43637820512820513,0.3935096153846154,0.2520833333333333,0.41923076923076924,0.4181089743589744,0.38653846153846155,0.3247596153846154,0.4346153846153846
2,precision,0.6118779260274861,0.5255083563335837,0.3252692672582175,0.4738910576337072,0.568359689397137,0.5285146355723462,0.34245556014882184,0.48293829046713926
3,recall,0.5328282828282829,0.5606060606060606,0.26262626262626265,0.44552058111380144,0.4915254237288136,0.5157384987893463,0.31476997578692495,0.4721549636803874
4,f1,0.5334590917425436,0.5399859074387499,0.20993824402915312,0.4380476354306015,0.5032315707742737,0.517809572733982,0.24831949729044162,0.4514917406811475
