,metric,DT_EC1,DT_EC2,DT_EC3,DT_EC4,DT_EC5,DT_EC6,DT_multiclass,DTselect_EC1,DTselect_EC2,DTselect_EC3,DTselect_EC4,DTselect_EC5,DTselect_EC6
0,accuracy,0.625,0.5817307692307693,0.6634615384615384,0.6730769230769231,0.8317307692307693,0.7932692307692307,0.1201923076923077,0.6538461538461539,0.5144230769230769,0.6778846153846154,0.7307692307692307,0.8365384615384616,0.8221153846153846
1,precision,0.6246279761904762,0.5804845356256647,0.6908730540651091,0.6767639257294429,0.8347456914670028,0.7963524146822163,0.1337037962037962,0.6528490571571014,0.5089053053992079,0.6567708333333334,0.7041343669250645,0.820392842451666,0.8247817968969963
2,recall,0.625,0.5817307692307693,0.6634615384615384,0.6730769230769231,0.8317307692307693,0.7932692307692307,0.1201923076923077,0.6538461538461539,0.5144230769230769,0.6778846153846154,0.7307692307692307,0.8365384615384616,0.8221153846153846
3,f1,0.6245825602968461,0.5780521894906614,0.6743919745742548,0.6748621426209436,0.8332185525646018,0.7947947327070624,0.1231503575956868,0.6532871517197536,0.5102437189366651,0.6626909372353165,0.712860310421286,0.8276546822742475,0.8234280258177047
